{"train/loss": 3.7941, "train/grad_norm": 3.455242156982422, "train/learning_rate": 1.967284504850981e-05, "train/epoch": 0.02, "train/global_step": 4500, "_timestamp": 1714099130.149146, "_runtime": 892.4123740196228, "_step": 8}